[
    {
        "title": "浣溪沙·蓼岸风多橘柚香",
        "content": "蓼岸风多橘柚香。江边一望楚天长。片帆烟际闪孤光。目送征鸿飞杳杳，思随流水去茫茫。兰红波碧忆潇湘。",
        "keywords": {
            "蓼岸": "开满蓼花的江岸",
            "橘柚": "橘和柚两种果树",
            "楚天": "古时长江中下游一带属楚国，故用以泛指南方的天空",
            "片帆": "指孤舟",
            "孤光": "指片帆在日光照耀下的闪光",
            "征鸿": "远飞的大雁",
            "杳杳": "深远貌",
            "兰红": "即红兰，植物名，秋开红花",
            "忆潇湘": "比喻分别在天涯的亲人，相互在殷切地思念着"
        },
        "trans": "长满蓼花的岸边，风里飘来橘柚浓浓的香，我伫立在江边远眺，楚天寥廓，江水滔滔流向东方。那一片远去的孤帆，在水天交汇处泛起一点白光。我的目光追随着飞去的鸿雁，直到他的身影消失在远方。思绪有如不尽的江水，随着茫茫的江涛漂荡。秋的红兰，江的碧波，一定会让他怀念深情的潇湘。",
        "emotion": "惆怅与思念"
    },
    {
        "title": "清平乐·雨晴烟晚",
        "content": "雨晴烟晚。绿水新池满。双燕飞来垂柳院，小阁画帘高卷。黄昏独倚朱阑。西南新月眉弯。砌下落花风起，罗衣特地春寒。",
        "keywords": {
            "砌": "台阶",
            "特地": "特别",
            "朱阑": "红色的栏杆"
        },
        "trans": "雨后初晴，夕阳残照，烟霭空濛一片，暮色中但见新池绿水盈盈，一片春意盎然。成对的燕子飞回柳树低垂的庭院，小小的阁楼里画帘高高卷起。黄昏时独自倚着朱栏，不知不觉已看到西南天空挂着一弯如眉的新月。夜风卷起台阶上的落花，微微拂过罗衣，只感到春寒袭人。",
        "emotion": "淡淡哀怨、思念、孤独"
    },
    {
        "title": "渔歌子·西塞山前白鹭飞",
        "content": "西塞山前白鹭飞，桃花流水鳜鱼肥。青箬笠，绿蓑衣，斜风细雨不须归。",
        "keywords": {
            "西塞山": "在浙江湖州",
            "白鹭": "一种白色的水鸟",
            "桃花流水": "桃花盛开的季节正是春水盛涨的时候，俗称桃花汛或桃花水",
            "鳜鱼": "淡水鱼，江南又称桂鱼，肉质鲜美",
            "箬笠": "竹叶或竹篾做的斗笠",
            "蓑衣": "用草或棕编制成的雨衣",
            "不须": "不一定要"
        },
        "trans": "西塞山前白鹭在自由地翱翔，江岸桃花盛开，江水中肥美的鳜鱼欢快地游来游去。渔翁头戴青色斗笠，身披绿色蓑衣，悠然自得地垂钓，就算下了雨也不回家。",
        "emotion": "悠闲与自在"
    },
    {
        "title": "潇湘神·斑竹枝",
        "content": "斑竹枝，斑竹枝，泪痕点点寄相思。楚客欲听瑶瑟怨，潇湘深夜月明时。",
        "keywords": {
            "潇湘神": "词牌名，一名《潇湘曲》。此词作于朗州（今湖南省常德市）时期，诗中所及山水和故事皆在湘沅间。",
            "潇湘": "湖南西南部潇水、湘水。",
            "斑竹": "即湘妃竹。相传舜崩苍梧，娥皇、女英二妃追至，哭啼极哀，泪染于竹，斑斑如泪痕，故谓“斑竹”。",
            "泪痕点点寄相思": "《述异记》载，“舜南巡，葬于苍梧。尧二女娥皇、女英泪下沾竹，文悉为之斑。”",
            "楚客": "本指屈原，此处为作者自况。作此词时刘禹锡正值贬官朗州（治所在今湖南常德）。",
            "瑶瑟": "以美玉妆饰成的瑟。古代之管弦乐器。"
        },
        "trans": "斑竹枝啊斑竹枝，泪痕点点寄托着相思。楚地的游子啊若想听听瑶瑟的幽怨，在这潇水湘江之上当着夜深月明之时。",
        "emotion": "哀怨与思念"
    },
    {
        "title": "竹枝词·山桃红花满上头",
        "content": "山桃红花满上头，蜀江春水拍山流。花红易衰似郎意，水流无限似侬愁。",
        "keywords": {
            "山桃": "野桃。",
            "上头": "山头，山顶上。",
            "蜀江": "泛指四川境内的河流。",
            "衰": "凋谢。"
        },
        "trans": "春天，鲜红的野桃花开满山头，蜀江的江水拍打着山崖向东流去。容易凋零的桃花就像郎君的情意，这源源不断的江水就像我无限的忧愁。",
        "emotion": "愁苦与失落"
    },
    {
        "title": "菩萨蛮·平林漠漠烟如织",
        "content": "平林漠漠烟如织，寒山一带伤心碧。暝色入高楼，有人楼上愁。玉阶空伫立，宿鸟归飞急。何处是归程？长亭更短亭。(更短亭 一作：连短亭)",
        "keywords": {
            "平林": "平原上的林木",
            "漠漠": "迷蒙貌",
            "伤心": "极致，非常",
            "暝色": "夜色",
            "玉阶": "玉砌的台阶",
            "伫立": "长时间地站着等候",
            "长亭更短亭": "古代设在路边供行人休歇的亭舍"
        },
        "trans": "远处舒展的树林之上暮烟笼罩一片迷蒙，翠绿苍碧的山色深到极致。夜色弥漫进高高的闺楼，有人正在楼上独自忧愁。玉石的台阶上，徒然侍立盼望。那回巢的鸟儿，在归心催促下急急飞翔。哪里是我返回的路程？只看到道路上的长亭连着短亭。",
        "emotion": "愁苦与思乡"
    },
    {
        "title": "诉衷情·永夜抛人何处去",
        "content": "永夜抛人何处去？绝来音。香阁掩，眉敛，月将沉。争忍不相寻？怨孤衾。换我心，为你心，始知相忆深。",
        "keywords": {
            "永夜": "长夜",
            "眉敛": "指皱眉愁苦之状",
            "争忍": "怎忍",
            "孤衾": "喻独宿"
        },
        "trans": "漫漫长夜你撇下我去了哪里啊？没有一点音讯。香阁门紧紧关上，眉儿紧紧皱起，月亮就要西沉。怎么忍心不苦苦追寻你啊？怨恨这孤眠独寝。只有换我的心，变作你的心，你才会知道这相思有多么深。",
        "emotion": "怨恨与思念"
    },
    {
        "title": "调笑令·边草",
        "content": "边草，边草，边草尽来兵老。山南山北雪晴，千里万里月明。明月，明月，胡笳一声愁绝。",
        "keywords": {
            "边草": "边塞之草。此草秋天干枯变白，为牛马所食。",
            "尽": "死",
            "雪晴": "下过大雪后放晴",
            "月明": "月色皎洁",
            "胡笳": "一种流行于北方游牧民族地区的管乐器，汉魏鼓吹乐常用之",
            "绝": "极，很，表示事物程度的副词"
        },
        "trans": "边塞的野草啊，边塞的野草！野草枯尽，戍边的兵士也已老。山南山北雪后放晴，千里万里处处月明。明月啊，明月！远处传来胡笳一声，令人悲苦愁绝。",
        "emotion": "思乡与愁苦"
    },
    {
        "title": "谒金门·风乍起",
        "content": "风乍起，吹皱一池春水。闲引鸳鸯香径里，手挼红杏蕊。斗鸭阑干独倚，碧玉搔头斜坠。终日望君君不至，举头闻鹊喜。",
        "keywords": {
            "谒金门": "词牌名",
            "乍": "忽然",
            "闲引": "无聊地逗引着玩",
            "挼": "揉搓",
            "斗鸭": "以鸭相斗为欢乐",
            "独": "一作‘遍’"
        },
        "trans": "春风忽地吹起，吹的那池塘春水泛起涟漪。在花间小径里无聊地逗引着池中的鸳鸯，随手折下杏花蕊放在指尖轻轻揉搓。独自倚靠在池边的栏杆上观看斗鸭，头上的碧玉簪斜垂下来。整日思念心上人，但心上人始终不见回来，正在愁闷时，忽然听到喜鹊的叫声。",
        "emotion": "思念与孤独"
    },
    {
        "title": "长命女·春日宴",
        "content": "春日宴，绿酒一杯歌一遍。再拜陈三愿：一愿郎君千岁，二愿妾身常健，三愿如同梁上燕，岁岁长相见。",
        "keywords": {
            "长命女": "唐教坊曲名用作词调名。全词39字，上片三句三仄韵，下片四句仄韵。",
            "绿酒": "古时米酒酿成未滤时，面浮米渣，呈淡绿色，故名。",
            "妾身": "古时女子对自己的谦称。",
            "岁岁": "年年，即每年。"
        },
        "trans": "春日的宴会上，饮一杯美酒再高歌一曲呵，拜了又拜许三愿：一愿郎君你长寿千岁，二愿妾身我身体永远康健，三愿我俩如同梁上飞燕呀，双双对对，永远相伴。",
        "emotion": "甜蜜、祝福、忠贞"
    },
    {
        "title": "鹊踏枝·几日行云何处去",
        "content": "几日行云何处去？忘却归来，不道春将暮。百草千花寒食路，香车系在谁家树？泪眼倚楼频独语。双燕来时，陌上相逢否？撩乱春愁如柳絮，依依梦里无寻处。",
        "keywords": {
            "行云": "此指所思情郎"
        },
        "trans": "这几天，他像流云飘哪里？忘了回家，不顾芳春将逝去。寒食路上长满了野草闲花。他车马又在谁家树上系?泪眼倚楼不断自言语，双燕飞来，路上可与他相遇？纷乱春愁如柳絮，梦中到哪寻他去？",
        "emotion": "怨愁、思念、无奈"
    },
    {
        "title": "鹊踏枝·谁道闲情抛掷久",
        "content": "谁道闲情抛掷久？每到春来，惆怅还依旧。日日花前常病酒，敢辞镜里朱颜瘦。河畔青芜堤上柳，为问新愁，何事年年有？独立小桥风满袖，平林新月人归后。",
        "keywords": {
            "清王鹏运": "半塘丁稿·鹜翁集",
            "冯正中": "鹤踏枝",
            "调名": "蝶恋花",
            "谁道句": "近人梁启超云",
            "闲情": "闲愁、春愁",
            "病酒": "饮酒过量引起身体不适",
            "敢辞": "不避、不怕",
            "朱颜": "青春红润的面色",
            "青芜": "青草",
            "平林": "平原上的树林",
            "新月": "阴历每月初出的弯形月亮"
        },
        "trans": "谁说愁绪被忘记了太久？每当初春降临，我的惆怅心绪一如故旧。每天都在花前饮酒，每次都是喝的昏沉烂醉，一点也不关心那镜里原本红润的面容，已经日益清瘦了。河岸边青草翠绿，河岸上柳树成荫。我忧伤地暗自思量，为何年年都会新添忧愁？我独立在小桥的桥头，清风吹拂着衣袖。人回去后，树林中升起一弯新月。",
        "emotion": "惆怅、孤独、无奈"
    }
]