[
    {
        "title": "送别",
        "content": "山中相送罢，日暮掩柴扉。\n春草明年绿，王孙归不归？",
        "keywords": {
            "掩": "关闭。",
            "柴扉": "柴门。",
            "明年": "一作‘年年’。",
            "王孙": "贵族的子孙，这里指送别的友人。"
        },
        "trans": "在深山中送走了好友，夕阳西坠把柴门关闭。\n待到明年春草又绿的时候，朋友啊你能不能回还？",
        "emotion": "离别，思念，期盼重聚"
    },
    {
        "title": "新嫁娘词三首",
        "content": "三日入厨下，洗手作羹汤。\n未谙姑食性，先遣小姑尝。",
        "keywords": {
            "三日": "指婚后第三天",
            "羹汤": "指浓汤的菜肴",
            "姑食性": "婆婆的口味",
            "小姑": "丈夫的妹妹"
        },
        "trans": "婚后第三天来到厨房，洗手亲自作羹汤。\n还不熟悉婆婆的口味，做好先让小姑品尝。",
        "emotion": "忐忑不安，努力迎合，期望被接纳"
    },
    {
        "title": "杂诗三首·其二",
        "content": "君自故乡来，应知故乡事。\n来日绮窗前，寒梅著花未？",
        "keywords": {
            "来日": "来的时候。",
            "绮窗": "雕画花纹的窗户。",
            "著花": "开花。",
            "未": "用于句末，相当于“否”，表疑问。"
        },
        "trans": "您是刚从我们家乡来的，一定了解家乡的人情世态。\n请问您来的时候我家雕画花纹的窗户前，那一株腊梅花开了没有？",
        "emotion": "思乡之情、关切、孤独、期待"
    },
    {
        "title": "登鹳雀楼",
        "content": "白日依山尽，黄河入海流。\n欲穷千里目，更上一层楼。",
        "keywords": {
            "鹳雀楼": "旧址在山西永济市，前对中条山，下临黄河。传说常有鹳雀在此停留，故有此名。",
            "白日": "太阳。",
            "尽": "消失。这句话是说太阳依傍山峦沉落。",
            "欲": "想要得到某种东西或达到某种目的的愿望，但也有希望、想要的意思。",
            "穷": "尽，使达到极点。",
            "千里目": "眼界宽阔。",
            "更": "再"
        },
        "trans": "站在高楼上，只见夕阳依傍着山峦慢慢沉落，滔滔黄河朝着大海汹涌奔流。\n想要看到千里之外的风光，那就要再登上更高的一层楼。",
        "emotion": "壮志未酬，胸怀壮阔，积极向上"
    },
    {
        "title": "相思",
        "content": "红豆生南国，春来发几枝。\n愿君多采撷，此物最相思。",
        "keywords": {
            "红豆": "又名相思子，一种生在江南地区的植物，结出的籽像豌豆而稍扁，呈鲜红色。",
            "相思": "想念",
            "采撷": "采摘"
        },
        "trans": "红豆生长在阳光明媚的南方，每逢春天不知长多少新枝。\n希望思念的人儿多多采摘，因为它最能寄托相思之情。",
        "emotion": "思念、怀念、温柔"
    },
    {
        "title": "竹里馆",
        "content": "独坐幽篁里，弹琴复长啸。\n深林人不知，明月来相照。",
        "keywords": {
            "竹里馆": "辋川别墅胜景之一，房屋周围有竹林，故名。",
            "幽篁（huáng）": "幽深的竹林。",
            "啸（xiào）": "撮口发出长而清脆的声音，类似于打口哨。",
            "深林": "指‘幽篁’。",
            "相照": "与‘独坐’相应，意思是说，左右无人相伴，唯有明月似解人意，偏来相照。",
            "长啸": "撮口而呼，这里指吟咏、歌唱。古代一些超逸之士常用来抒发感情。魏晋名士称吹口哨为啸。"
        },
        "trans": "独自闲坐在幽静竹林，一边弹琴一边高歌长啸。\n深深的山林中无人知晓，只有一轮明月静静与我相伴。",
        "emotion": "宁静、孤独、悠闲"
    },
    {
        "title": "行宫",
        "content": "寥落古行宫，宫花寂寞红。\n白头宫女在，闲坐说玄宗。",
        "keywords": {
            "寥落": "寂寞冷落。",
            "行宫": "皇帝在京城之外的宫殿。这里指当时东都洛阳的皇帝行宫上阳宫。",
            "宫花": "行宫里的花。",
            "白头宫女": "一些宫女天宝末年被‘潜配’到上阳宫，在这冷宫里一闭四十多年，成了白发宫人。",
            "玄宗": "指唐玄宗。",
            "论": "谈论。"
        },
        "trans": "曾经富丽堂皇的古行宫已是一片荒凉冷落，宫中艳丽的花儿在寂寞寥落中开放。\n幸存的几个满头白发的宫女，闲坐无事只能谈论着玄宗轶事。",
        "emotion": "哀怨、寂寞、盛衰感"
    },
    {
        "title": "鹿柴",
        "content": "空山不见人，但闻人语响。\n返景入深林，复照青苔上。",
        "keywords": {
            "鹿柴": "王维在辋川别业的胜景之一（在今陕西省蓝田县西南）。柴：通‘寨’、‘砦’，用树木围成的栅栏。",
            "但": "只。",
            "返景": "日光。一说‘返景中景，同‘影’。意思是太阳将落时通过云彩反射的阳光。",
            "复": "又。"
        },
        "trans": "幽静的山谷里看不见人，只听到人说话的声音。\n落日余光映入了深林，又照在幽暗处的青苔上。",
        "emotion": null
    }
]