[
    {
        "title": "凉州词二首·其一",
        "content": "黄河远上白云间，一片孤城万仞山。羌笛何须怨杨柳，春风不度玉门关。",
        "keywords": {
            "凉州词": "又名《出塞》",
            "远上": "远远向西望去",
            "黄河远上": "远望黄河的源头",
            "孤城": "指孤零零的戍边的城堡",
            "羌笛": "古羌族主要分布在甘、青、川一带",
            "何须": "何必",
            "杨柳": "指的是《杨柳曲》",
            "度": "吹到过",
            "玉门关": "汉武帝置，因西域输入玉石取道于此而得名"
        },
        "trans": "黄河好像从白云间奔流而来，玉门关孤独地耸峙在高山中。何必用羌笛吹起那哀怨的《杨柳曲》去埋怨春光迟迟不来呢，原来玉门关一带春风是吹不到的啊！",
        "emotion": "苍凉、慷慨、思乡、壮阔"
    },
    {
        "title": "出塞",
        "content": "秦时明月汉时关，万里长征人未还。但使龙城飞将在，不教胡马度阴山。",
        "keywords": {
            "但使": "只要",
            "龙城飞将": "汉朝名将李广",
            "教": "令",
            "胡马": "指侵扰内地的外族骑兵",
            "度": "越过",
            "阴山": "位于今内蒙古中部及河北北部"
        },
        "trans": "译文依旧是秦汉时期的明月和边关，守边御敌鏖战万里征夫未回还。只要龙城的飞将李广如今还在，一定不会让敌人的铁蹄踏过阴山。",
        "emotion": "悲壮、慨叹、希望"
    },
    {
        "title": "同从弟南斋玩月忆山阴崔少府",
        "content": "高卧南斋时，开帷月初吐。清辉澹水木，演漾在窗户。冉冉几盈虚，澄澄变今古。美人清江畔，是夜越吟苦。千里共如何，微风吹兰杜。",
        "keywords": {
            "从弟": "堂弟",
            "斋": "书房",
            "山阴": "今浙江绍兴",
            "帷": "帘幕",
            "澹": "水缓缓地流",
            "演漾": "水流摇荡",
            "冉冉": "渐渐",
            "几盈虚": "月亮圆缺反复多次",
            "澄澄": "清亮透明，指月色",
            "美人": "旧时也指自己思暮的人",
            "越吟": "楚国庄舄唱越歌以寄托乡思",
            "共": "一作其",
            "吹": "一作出",
            "兰杜": "兰花和杜若，都是香草"
        },
        "trans": "我和从弟在南斋高卧的时候，掀开窗帘玩赏那初升的玉兔。淡淡月光泻在水上泄在树上，轻悠悠的波光涟漪荡入窗门。光阴苒苒这窗月已几盈几虚，清光千年依旧世事不同今古。德高望重崔少府在清江河畔，他今夜必定如庄舄思越之苦。千里迢迢可否共赏醉人婵娟？微风吹拂着清香四溢的兰杜。",
        "emotion": "思念与孤独"
    },
    {
        "title": "塞下曲·其一",
        "content": "蝉鸣空桑林，八月萧关道。出塞入塞寒，处处黄芦草。从来幽并客，皆共尘沙老。莫学游侠儿，矜夸紫骝好。",
        "keywords": {
            "空桑林": "桑林因秋来落叶而变得空旷、稀疏",
            "萧关": "宁夏古关塞名",
            "幽并": "幽州和并州",
            "共": "作“向”",
            "游侠儿": "都市游侠少年",
            "矜": "自夸",
            "紫骝": "古骏马名"
        },
        "trans": "知了在枯秃的桑林鸣叫，八月的萧关道气爽秋高。出塞后再入塞气候变冷，关内关外尽是黄黄芦草。自古来河北山西的豪杰，都与尘土黄沙伴随到老。莫学那自恃勇武游侠儿，自鸣不凡地把骏马夸耀。",
        "emotion": "慷慨悲凉，反战情绪，向往和平生活"
    },
    {
        "title": "渭川田家",
        "content": "斜阳照墟落，穷巷牛羊归。(斜阳 一作：斜光)野老念牧童，倚杖候荆扉。雉雊麦苗秀，蚕眠桑叶稀。田夫荷锄至，相见语依依。(至 一作：立)即此羡闲逸，怅然吟式微。",
        "keywords": {
            "渭川": "渭水",
            "田家": "农家",
            "墟落": "村庄",
            "斜阳": "斜光",
            "穷巷": "深巷",
            "野老": "村野老人",
            "牧童": "僮仆",
            "倚杖": "靠着拐杖",
            "荆扉": "柴门",
            "雉雊": "野鸡鸣叫",
            "蚕眠": "蚕蜕皮时，不食不动",
            "荷": "肩负的意思",
            "至": "立",
            "即此": "指上面所说的情景",
            "式微": "归隐之意"
        },
        "trans": "夕阳的余晖洒向村庄，牛羊沿着深巷纷纷回归。村中老人惦念着放牧的孙儿，倚着拐杖在柴门边等候。野鸡鸣叫，麦子秀穗，蚕像睡觉了一样，桑叶也变得稀少。农夫们三三两两扛着锄头归来，在田间小道上偶然相遇，亲切絮语，乐而忘归。在这种时刻如此闲情逸致怎不叫我羡慕？我不禁怅然地吟起《式微》。",
        "emotion": "羡慕与怅然"
    },
    {
        "title": "月下独酌·其一",
        "content": "花间一壶酒，独酌无相亲。举杯邀明月，对影成三人。月既不解饮，影徒随我身。暂伴月将影，行乐须及春。我歌月徘徊，我舞影零乱。醒时同交欢，醉后各分散。永结无情游，相期邈云汉。",
        "keywords": {
            "酌": "饮酒",
            "间": "一作下",
            "无相亲": "没有亲近的人",
            "举杯": "我举起酒杯招引明月共饮",
            "既": "已经",
            "不解": "不懂",
            "徒": "徒然",
            "将": "和",
            "及春": "趁着春光明媚之时",
            "月徘徊": "明月随我来回移动",
            "影零乱": "因起舞而身影纷乱",
            "同交欢": "一起欢乐",
            "无情游": "月、影没有知觉",
            "相期邈云汉": "约定在天上相见"
        },
        "trans": "在花丛中摆上一壶美酒，我自斟自饮，身边没有一个亲友。举杯向天，邀请明月，与我的影子相对，便成了三人。明月既不能理解开怀畅饮之乐，影子也只能默默地跟随在我的左右。暂且以明月影子相伴，趁此春宵要及时行乐。我吟诵诗篇，月亮伴随我徘徊，我手舞足蹈，影子便随我蹁跹。清醒时我与你一同分享欢乐，酒醉以后各奔东西。我愿与他们永远结下忘掉伤情的友谊，相约在缥缈的银河边。",
        "emotion": "孤独与忧伤交织的情感，渴望友谊与欢乐的心情。"
    },
    {
        "title": "西施咏",
        "content": "艳色天下重，西施宁久微。朝为越溪女，暮作吴宫妃。贱日岂殊众，贵来方悟稀。邀人傅脂粉，不自著罗衣。君宠益娇态，君怜无是非。当时浣纱伴，莫得同车归。持谢邻家子，效颦安可希。",
        "keywords": {
            "西施": "吴越春秋",
            "傅脂粉": "搽脂敷粉",
            "浣纱": "环宇记",
            "持谢": "奉告",
            "效颦": "西施病心而颦",
            "安可希": "怎能希望别人的赏识"
        },
        "trans": "艳丽的姿色向来为天下器重，美丽的西施怎么能久处低微？原先她是越溪的一个浣纱女，后来却成了吴王宫里的爱妃。平贱时难道有什么与众不同？显贵了才惊悟她丽质天下稀。曾有多少宫女为她搽脂敷粉，她从来也不用自己穿著罗衣。君王宠幸她的姿态更加娇媚，君王怜爱从不计较她的是非。昔日一起在越溪浣纱的女伴，再不能与她同车去来同车归。奉告那盲目效颦的邻人东施，光学皱眉而想取宠并非容易！",
        "emotion": "对人生浮沉的感慨与不平，对小人的讽刺与批判"
    },
    {
        "title": "送别",
        "content": "下马饮君酒，问君何所之？君言不得意，归卧南山陲。但去莫复问，白云无尽时。",
        "keywords": {
            "饮君酒": "劝君饮酒",
            "何所之": "去哪里",
            "归卧": "隐居",
            "南山": "终南山",
            "陲": "边缘",
            "但": "只"
        },
        "trans": "请你下马来喝一杯美酒，想问问朋友你要去往哪里？你说因为生活不得意，要回乡隐居在终南山旁。只管去吧我不会再追问，那里正有绵延不尽的白云，在天空中飘荡。",
        "emotion": "关切与惆怅"
    }
]