[
    {
        "title": "为有",
        "content": "为有云屏无限娇，凤城寒尽怕春宵。无端嫁得金龟婿，辜负香衾事早朝。",
        "keywords": {
            "云屏": "雕饰着云母图案的屏风",
            "凤城": "京城",
            "无端": "没来由",
            "金龟婿": "佩带金龟的丈夫"
        },
        "trans": "云母屏风后面的美人格外娇美，京城寒冬已过只怕春宵短暂。没来由地嫁了个做官的丈夫，不贪恋温暖香衾只想去上早朝。",
        "emotion": "怨恨与无奈"
    },
    {
        "title": "九月九日忆山东兄弟",
        "content": "独在异乡为异客，每逢佳节倍思亲。遥知兄弟登高处，遍插茱萸少一人。",
        "keywords": {
            "九月九日": "即重阳节",
            "忆": "想念",
            "山东": "王维迁居于蒲县",
            "异乡": "他乡",
            "为异客": "作他乡的客人",
            "佳节": "美好的节日",
            "登高": "重阳节登高的风俗",
            "茱萸": "吴茱萸"
        },
        "trans": "一个人独自在他乡作客，每逢节日加倍思念远方的亲人。遥想兄弟们今日登高望远时，头上插满茱萸只少我一人。",
        "emotion": "思乡、孤独、怀念、亲情"
    },
    {
        "title": "凉州词",
        "content": "葡萄美酒夜光杯，欲饮琵琶马上催。醉卧沙场君莫笑，古来征战几人回？",
        "keywords": {
            "凉州词": "唐乐府名，属《近代曲辞》，是《凉州曲》的唱词，盛唐时流行的一种曲调名。",
            "夜光杯": "玉石制成的酒杯，放在月光下，杯中会闪闪发亮。",
            "欲": "将要。",
            "琵琶": "这里指作战时用来发出号角的声音。",
            "催": "催人出征。",
            "沙场": "平坦空旷的沙地，古时多指战场。",
            "君": "你。",
            "征战": "打仗。"
        },
        "trans": "酒筵上夜光杯中盛满甘醇的葡萄美酒，将要畅饮时，马上琵琶也声声响起，仿佛催人出征。如果醉卧在沙场上，也请你不要笑话，古来外出打仗的能有几人能返回家乡？",
        "emotion": "豪情壮志与对战争的无奈"
    },
    {
        "title": "后宫词",
        "content": "泪湿罗巾梦不成，夜深前殿按歌声。(湿 一作：尽)红颜未老恩先断，斜倚薰笼坐到明。",
        "keywords": {
            "宫词": "此诗题又作《后宫词》。",
            "按歌声": "依照歌声的韵律打拍子。",
            "红颜": "此指宫女。",
            "恩": "君恩。",
            "熏笼": "覆罩香炉的竹笼。"
        },
        "trans": "眼泪湿透罗巾难以入眠，深夜前殿合拍的歌声还响成一片。红颜尚未老去已经失去了君王的恩宠，斜靠着熏笼一直坐到天明。",
        "emotion": "怨恨与失落"
    },
    {
        "title": "夜上受降城闻笛",
        "content": "回乐烽前沙似雪，受降城外月如霜。不知何处吹芦管，一夜征人尽望乡。",
        "keywords": {
            "受降城": "唐初名将张仁愿为了防御突厥，在黄河以北筑受降城",
            "回乐烽": "烽火台名",
            "芦管": "笛子",
            "征人": "戍边的将士",
            "尽": "全"
        },
        "trans": "回乐烽前的沙地洁白似雪，受降城外的月色犹如深秋白霜。不知何处吹起凄凉的芦管，惹得出征的将士一夜都在思念家乡。",
        "emotion": "思乡之情，哀愁，孤独"
    },
    {
        "title": "夜雨寄北",
        "content": "君问归期未有期，巴山夜雨涨秋池。 何当共剪西窗烛，却话巴山夜雨时。",
        "keywords": {
            "寄北": "写诗寄给北方的人",
            "君": "对对方的尊称",
            "归期": "回家的日期",
            "巴山": "指大巴山，泛指巴蜀一带",
            "秋池": "秋天的池塘",
            "何当": "什么时候",
            "共": "副词，表示共同发生的动作",
            "剪西窗烛": "剪去燃焦的烛芯，形容深夜长谈",
            "却话": "回头说"
        },
        "trans": "你问我回家的日期，我还没有确定日期，此刻巴山的夜雨淅淅沥沥，雨水已涨满秋池。什么时候我们才能一起秉烛长谈，相互倾诉今宵巴山夜雨中的思念之情。",
        "emotion": "思念、孤寂、期待、愁苦"
    },
    {
        "title": "嫦娥",
        "content": "云母屏风烛影深，长河渐落晓星沉。嫦娥应悔偷灵药，碧海青天夜夜心。",
        "keywords": {
            "嫦娥": "月亮女神，后羿的妻子",
            "云母屏风": "由云母石制作的屏风",
            "深": "暗淡",
            "长河": "银河",
            "晓星": "晨星，或启明星",
            "灵药": "长生不死药",
            "碧海青天": "形容嫦娥孤单的生活，只有蓝天和大海",
            "夜夜心": "嫦娥每晚感到孤单"
        },
        "trans": "室内烛光越来越黯淡，云母屏风上笼罩着一层深深的暗影，银河渐渐斜落，晨星也隐没低沉。嫦娥应该后悔偷取了长生不老之药，如今只能空对碧海青天夜夜孤寂。",
        "emotion": "感伤、孤独、悔恨"
    },
    {
        "title": "宫词",
        "content": "寂寂花时闭院门，美人相并立琼轩。 含情欲说宫中事，鹦鹉前头不敢言。",
        "keywords": {
            "琼轩": "对廊台的美称。"
        },
        "trans": "百花盛开，宫院却寂寂地紧闭大门；俏丽宫女，相依相并伫立廊下赏春。满怀幽情，都想谈谈宫中忧愁的事，鹦鹉面前，谁也不敢吐露自己苦闷。",
        "emotion": "幽怨、孤独、压抑"
    },
    {
        "title": "寄令狐郎中",
        "content": "嵩云秦树久离居，双鲤迢迢一纸书。 休问梁园旧宾客，茂陵秋雨病相如。",
        "keywords": {
            "嵩": "中岳嵩山，在今河南。",
            "双鲤": "代指书信。",
            "梁园": "梁孝王在梁地大兴土木，修建的花园。",
            "茂陵": "今陕西兴平县东北，以汉武帝陵墓而得名。"
        },
        "trans": "你在长安我在洛阳，你我长久分离；千里迢迢，你寄来一封慰问的书信。请别问我这个梁园旧客生活的甘苦；我就像茂陵秋雨中多病的司马相如。",
        "emotion": "思念与感慨"
    },
    {
        "title": "寄扬州韩绰判官",
        "content": "青山隐隐水迢迢，秋尽江南草未凋。二十四桥明月夜，玉人何处教吹箫？",
        "keywords": {
            "判官": "观察使、节度使的属官",
            "迢迢": "指江水悠长遥远",
            "草未凋": "一作‘草木凋’",
            "凋": "凋谢",
            "二十四桥": "一说为二十四座桥",
            "玉人": "貌美之人"
        },
        "trans": "青山隐隐起伏，江水遥远悠长，秋时已尽江南的草木还未凋谢。二十四桥明月映照幽幽清夜，老友你在何处，听取美人吹箫？",
        "emotion": "怀念、调侃、欣赏、思念"
    },
    {
        "title": "早发白帝城",
        "content": "朝辞白帝彩云间，千里江陵一日还。两岸猿声啼不住，轻舟已过万重山。",
        "keywords": {
            "发": "启程",
            "白帝城": "故址在今重庆市奉节县白帝山上",
            "朝": "早晨",
            "辞": "告别",
            "彩云间": "因白帝城在白帝山上，地势高耸，从山下江中仰望，仿佛耸入云间",
            "江陵": "今湖北荆州市",
            "还": "归；返回",
            "猿": "猿猴",
            "啼": "鸣、叫",
            "住": "停息",
            "万重山": "层层叠叠的山，形容有许多"
        },
        "trans": "清晨，我告别高入云霄的白帝城，江陵远在千里之外，船行只需要一天时间便能返回。两岸猿声还在耳边不停地回荡，轻快的小舟已驶过万重青山。",
        "emotion": "愉悦与轻快"
    },
    {
        "title": "春宫曲",
        "content": "昨夜风开露井桃，未央前殿月轮高。 平阳歌舞新承宠，帘外春寒赐锦袍。",
        "keywords": {
            "春": "春天的象征，代表生机与希望。",
            "宫": "指宫廷，象征权力与奢华。",
            "怨": "表达失宠者的怨恨与无奈。"
        },
        "trans": "昨夜春风吹开了露井边的桃花，未央宫前的明月高高地挂在天上。平阳公主的歌女卫子夫新近受到汉武帝的宠爱，因帘外春寒，她便受到锦袍的赐予。",
        "emotion": "怨恨与无奈"
    },
    {
        "title": "江南逢李龟年",
        "content": "岐王宅里寻常见，崔九堂前几度闻。正是江南好风景，落花时节又逢君。",
        "keywords": {
            "李龟年": "唐朝著名乐师，擅长唱歌",
            "岐王": "唐玄宗李隆基的弟弟李隆范",
            "寻常": "经常",
            "崔九": "崔涤，崔湜的弟弟",
            "江南": "今湖南省一带",
            "落花时节": "暮春，通常指阴历三月",
            "君": "指李龟年"
        },
        "trans": "当年我经常在岐王与崔九的住宅里见到你并听到你的歌声。眼下正是江南风景最美的时候，在这落花纷飞的时节再次与你相逢。",
        "emotion": "怀旧与感伤"
    },
    {
        "title": "瑶池",
        "content": "瑶池阿母绮窗开，黄竹歌声动地哀。 八骏日行三万里，穆王何事不重来。",
        "keywords": {
            "瑶池阿母": "西王母，出自《穆天子传》",
            "黄竹歌声": "出自《穆天子传》，指天子作诗以哀民",
            "八骏": "传说周穆王有八匹骏马",
            "穆王": "西周人，姓姬名满，传说他曾周游天下"
        },
        "trans": "瑶池上西王母的雕花窗户向东敞开，只听见《黄竹歌》声震动大地人心悲哀。周穆王有八匹能日行三万里的骏马，为了何事违约不再来？",
        "emotion": "哀伤与失落"
    },
    {
        "title": "芙蓉楼送辛渐",
        "content": "寒雨连江夜入吴，平明送客楚山孤。洛阳亲友如相问，一片冰心在玉壶。",
        "keywords": {
            "芙蓉楼": "原名西北楼，登临可以俯瞰长江，遥望江北，在润州（今江苏省镇江市）西北。",
            "寒雨": "秋冬时节的冷雨。",
            "连江": "雨水与江面连成一片，形容雨很大。",
            "吴": "古代国名，这里泛指江苏南部、浙江北部一带。",
            "平明": "天刚亮的时候。",
            "客": "指作者的好友辛渐。",
            "楚山": "楚地的山。这里的楚也指南京一带。",
            "孤": "独自，孤单一人。",
            "洛阳": "现位于河南省西部、黄河南岸。",
            "冰心": "比喻纯洁的心。",
            "玉壶": "玉做的壶。比喻人品性高洁。"
        },
        "trans": "冷雨连夜洒遍吴地江天，清晨送走你后，独自面对着楚山离愁无限！到了洛阳，如果洛阳亲友问起我来，就请转告他们，我的心依然像玉壶里的冰那样晶莹纯洁！",
        "emotion": "离愁别绪，孤独凄凉，心中纯洁的情感"
    },
    {
        "title": "贾生",
        "content": "宣室求贤访逐臣，贾生才调更无伦。可怜夜半虚前席，不问苍生问鬼神。",
        "keywords": {
            "贾生": "指贾谊",
            "宣室": "汉代长安城中未央宫前殿的正室",
            "逐臣": "被放逐之臣",
            "才调": "才华",
            "可怜": "可惜",
            "虚": "徒然",
            "前席": "在坐席上移膝靠近对方",
            "苍生": "百姓"
        },
        "trans": "汉文帝在未央宫前殿召见被贬的贾谊，贾谊的政治才能无人能比。可惜文帝半夜移膝靠近贾谊听讲，不问百姓生机只问起鬼神之事。",
        "emotion": "感伤、讽刺、无奈"
    },
    {
        "title": "赠别二首·其一",
        "content": "娉娉袅袅十三余，豆蔻梢头二月初。春风十里扬州路，卷上珠帘总不如。",
        "keywords": {
            "娉娉袅袅": "形容女子体态轻盈美好",
            "十三余": "言其年龄",
            "豆蔻": "未大开的豆蔻花，常用来比喻处女"
        },
        "trans": "十三四岁的少女姿态袅娜，举止轻盈美好，就像二月里含苞待放，初现梢头的豆蔻花。十里扬州路的春风骀荡，珠帘翠幕中的佳人姝丽没有比得上她。",
        "emotion": "惜别与赞美"
    },
    {
        "title": "赠别二首·其二",
        "content": "多情却似总无情，唯觉尊前笑不成。(尊 一作：樽)蜡烛有心还惜别，替人垂泪到天明。",
        "keywords": {
            "多情句": "意谓多情者满腔情绪，一时无法表达，只能无言相对，倒像彼此无情",
            "樽": "古代盛酒的器具"
        },
        "trans": "多情的人却像是无情人儿一样冰冷，在离别的酒宴上只觉笑不出声。蜡烛仿佛还有惜别的心意，替离别的人流泪到天明。",
        "emotion": "离别的伤感与不舍"
    },
    {
        "title": "近试上张水部",
        "content": "洞房昨夜停红烛，待晓堂前拜舅姑。 妆罢低声问夫婿，画眉深浅入时无。",
        "keywords": {
            "张水部": "即张籍，曾任水部员外郎。",
            "洞房": "新婚卧室。",
            "停红烛": "让红烛通宵点着。",
            "舅姑": "公婆。",
            "深浅": "浓淡。",
            "入时无": "是否时髦。这里借喻文章是否合适"
        },
        "trans": "新婚卧室昨夜花烛彻夜通明，等待拂晓去堂前拜见公婆。装扮好后轻声询问夫君：我的眉画得浓淡可合时兴？",
        "emotion": "紧张不安、期待、渴望认可"
    },
    {
        "title": "逢入京使",
        "content": "故园东望路漫漫，双袖龙钟泪不干。马上相逢无纸笔，凭君传语报平安。",
        "keywords": {
            "入京使": "进京的使者",
            "故园": "指长安和自己在长安的家",
            "漫漫": "形容路途十分遥远",
            "龙钟": "泪流纵横的样子",
            "凭": "托，烦，请",
            "传语": "捎口信"
        },
        "trans": "向东遥望长安家园路途遥远，思乡之泪沾湿双袖难擦干。在马上匆匆相逢没有纸笔写书信，只有托你捎个口信，给家人报平安。",
        "emotion": "思乡之情与渴望建功立业之情交织"
    },
    {
        "title": "金谷园",
        "content": "繁华事散逐香尘，流水无情草自春。日暮东风怨啼鸟，落花犹似坠楼人。",
        "keywords": {
            "香尘": "石崇为教练家中舞妓步法，以沉香屑铺象牙床上，使她们践踏，无迹者赐以珍珠",
            "坠楼人": "指石崇爱妾绿珠，为石崇坠楼而死"
        },
        "trans": "金谷园里的繁华奢靡早已随着芳香的尘屑烟消云散了；园中流水无情的流淌，如茵的春草年年自绿。日暮时分啼鸟在东风里叹怨，落花纷纷，恰似那为石崇坠楼的绿珠美人。",
        "emotion": "惆怅、哀伤、怀旧"
    },
    {
        "title": "闺怨",
        "content": "闺中少妇不知愁，春日凝妆上翠楼。忽见陌头杨柳色，悔教夫婿觅封侯。",
        "keywords": {
            "闺怨": "少妇的幽怨",
            "凝妆": "盛妆",
            "翠楼": "特指妇女居处",
            "陌头": "路边",
            "觅封侯": "为求得封侯而从军",
            "悔教": "后悔让"
        },
        "trans": "闺中少妇未曾有过相思离别之愁，在明媚的春日，她精心装扮之后兴高采烈登上翠楼。忽见野外杨柳青青春意浓，真后悔让丈夫从军边塞，建功封侯。",
        "emotion": "思念与悔恨"
    },
    {
        "title": "隋宫",
        "content": "乘兴南游不戒严，九重谁省谏书函。 春风举国裁宫锦，半作障泥半作帆。",
        "keywords": {
            "隋宫": "隋炀帝杨广建造的行宫",
            "乘兴句": "炀帝骄横无忌，毫无戒备",
            "九重": "指皇帝居住的深宫",
            "省": "明察",
            "谏书函": "给皇帝的谏书",
            "宫锦": "供皇家使用的高级锦缎",
            "障泥": "马鞯"
        },
        "trans": "隋炀帝为南游江都不顾安全，九重宫中有谁理会劝谏书函。春游中全国裁制的绫罗锦缎，一半作御马障泥一半作船帆。",
        "emotion": "讽刺与忧虑"
    },
    {
        "title": "逢入京使",
        "content": "故园东望路漫漫，双袖龙钟泪不干。马上相逢无纸笔，凭君传语报平安。",
        "keywords": {
            "黄鹤楼": "中国著名的名胜古迹",
            "孟浩然": "李白的朋友",
            "之": "往、到达",
            "广陵": "即扬州",
            "故人": "老朋友",
            "辞": "辞别",
            "烟花": "形容柳絮如烟、鲜花似锦的春天景物",
            "下": "顺流向下而行",
            "碧空尽": "消失在碧蓝的天际",
            "唯见": "只看见",
            "天际流": "流向天边",
            "天际": "天边，天边的尽头"
        },
        "trans": "向东遥望长安家园路途遥远，思乡之泪沾湿双袖难擦干。在马上匆匆相逢没有纸笔写书信，只有托你捎个口信，给家人报平安。",
        "emotion": "思乡之情与渴望建功立业之情交织"
    }
]