[
    {
        "title": "奉和中书舍人贾至早朝大明宫",
        "content": "鸡鸣紫陌曙光寒，莺啭皇州春色阑。金阙晓钟开万户，玉阶仙仗拥千官。花迎剑佩星初落，柳拂旌旗露未干。独有凤凰池上客，阳春一曲和皆难。",
        "keywords": {
            "和": "即和诗，是用来和答他人诗作的诗，依照别人诗词的格律或内容作诗词。可和韵，可不和韵。",
            "中书舍人": "官名，时贾至任此职。",
            "大明宫": "宫殿名，在长安禁苑南。",
            "紫陌": "指京师的街道。",
            "曙光": "破晓时的阳光。",
            "啭": "婉转的叫声。",
            "皇州": "京都。",
            "阑": "尽。",
            "金阙": "皇宫金殿。",
            "万户": "指皇宫中宫门。",
            "玉阶": "指皇宫中大明宫的台阶。",
            "仙仗": "天子的仪仗。",
            "剑佩": "带剑、垂佩绶，都为高官之饰物，此指禁卫军的武装。",
            "旌旗": "旗帜的总称。",
            "凤凰池上客": "指贾至。凤凰池，也称凤池，这里指中书省。",
            "阳春": "古曲名，即宋玉《对楚王问》中提到的《阳春》《白雪》，后以之比喻作品高妙而懂得的人很少。"
        },
        "trans": "雄鸡啼鸣，曙光微寒，黄莺婉转，春色正浓。宫殿的钟声催开万户，玉阶上仪仗拥簇千官。花迎朝臣，繁星初落，柳拂旌旗，露水未干。只有凤凰池上的客人，阳春的高雅曲调无人能和。",
        "emotion": "渴望繁荣与美好生活的心情"
    },
    {
        "title": "奉和圣制从蓬莱向兴庆阁道中留春雨中春望之作应制",
        "content": "渭水自萦秦塞曲，黄山旧绕汉宫斜。銮舆迥出千门柳，阁道回看上苑花。云里帝城双凤阙，雨中春树万人家。为乘阳气行时令，不是宸游玩物华。",
        "keywords": {
            "渭水": "即渭河，黄河最大支流，在陕西中部。",
            "秦塞": "犹秦野。",
            "黄山": "黄麓山，在今陕西兴平县北。",
            "汉宫": "也指唐宫。",
            "銮舆": "皇帝的乘舆。",
            "迥出": "远出。",
            "千门": "指宫内的重重门户。",
            "上苑": "泛指皇家的园林。",
            "双凤阙": "汉代建章宫有凤阙，这里泛指皇宫中的楼观。",
            "阳气": "指春气。",
            "宸游": "指皇帝出游。",
            "物华": "美好的景物。"
        },
        "trans": "渭水萦绕着秦关曲折地东流，黄麓山环抱着汉宫长年依旧。皇辇远出千重宫门夹道杨柳，阁道回看上林百花恰似锦绣。帝城高耸入云的是凤阁凤楼，春雨润泽千家树木美不胜收。为了把住春光时令出巡民忧，不是因为玩赏春光驾车逛游！",
        "emotion": "心怡气爽，春意盎然，盛大气象"
    },
    {
        "title": "无题·凤尾香罗薄几重",
        "content": "凤尾香罗薄几重，碧文圆顶夜深缝。扇裁月魄羞难掩，车走雷声语未通。曾是寂寥金烬暗，断无消息石榴红。斑骓只系垂杨岸，何处西南任好风。",
        "keywords": {
            "凤尾香罗": "凤纹罗；罗：绫的一种。",
            "顶": "指帐顶。",
            "扇裁": "指以团扇掩面。"
        },
        "trans": "织着凤尾纹的绫罗，薄薄重重；碧纹的圆顶罗帐，我深夜赶缝。那回邂逅，来不及用团扇掩盖；可你驱车隆隆而过，无语相通。曾因寂寥不眠，想到更残烛尽；却无你的消息，等到石榴花红。也许你在垂杨岸，栓系斑骓马；怎能等到，送去会你的西南风。",
        "emotion": "幽怨、相思无望、渴望重逢、惆怅"
    },
    {
        "title": "无题·来是空言去绝踪",
        "content": "来是空言去绝踪，月斜楼上五更钟。梦为远别啼难唤，书被催成墨未浓。蜡照半笼金翡翠，麝熏微度绣芙蓉。刘郎已恨蓬山远，更隔蓬山一万重！",
        "keywords": {
            "无题": "唐代以来，有的诗人不愿意标出能够表示主题的题目时，常用“无题”作诗的标题。",
            "芙蓉塘": "荷塘。",
            "轻雷": "司马相如《长门赋》：“雷殷殷而响起兮，声像君之车音。”",
            "金蟾": "金蛤蟆。",
            "啮": "咬。",
            "玉虎": "用玉石作装饰的井上辘轳，形如虎状。",
            "贾氏": "西晋贾充的次女。",
            "韩掾": "指韩寿。",
            "宓妃": "古代传说，伏羲氏之女名宓妃，溺死于洛水上，成为洛神。",
            "魏王": "指魏东阿王曹植。",
            "春心": "指相思之情。"
        },
        "trans": "你说来相会是空话，一去之后再无踪影；等到楼上残月西斜，传来五更的晓钟。梦里为伤远别啼泣，久唤难醒；醒后研墨未浓，匆忙提笔书写成一信。蜡烛的余光，半罩着饰有金翡翠的帷幕；兰麝的香气，熏染了被褥上刺绣的芙蓉。我像当年的刘郎，早已怨恨那蓬山遥远；你去的地方，要比蓬山更隔万重岭！",
        "emotion": "悲伤、绝望、思念、离愁"
    },
    {
        "title": "无题·相见时难别亦难",
        "content": "相见时难别亦难，东风无力百花残。春蚕到死丝方尽，蜡炬成灰泪始干。晓镜但愁云鬓改，夜吟应觉月光寒。蓬山此去无多路，青鸟殷勤为探看。",
        "keywords": {
            "无题": "唐代以来，有的诗人不愿意标出能够表示主题的题目时，常用“无题”作诗的标题。",
            "丝方尽": "丝，与“思”谐音，以“丝”喻“思”，含相思之意。",
            "蜡炬": "蜡烛。",
            "泪始干": "泪，指燃烧时的蜡烛油，这里取双关义，指相思的眼泪。",
            "晓镜": "早晨梳妆照镜子。镜，用作动词，照镜子的意思。",
            "云鬓": "女子多而美的头发，这里比喻青春年华。",
            "应觉": "设想之词。",
            "月光寒": "指夜渐深。",
            "蓬山": "蓬莱山，传说中海上仙山，指仙境，这里借指所思之人的住处。",
            "青鸟": "神话中为西王母传递音讯的信使。",
            "殷勤": "情谊恳切深厚。",
            "探看": "探望。"
        },
        "trans": "相见很难，离别更难，何况在这东风无力、百花凋谢的暮春时节。春蚕结茧到死时丝才吐完，蜡烛要烧成灰烬时像泪一样的蜡油才能滴干。早晨梳妆照镜，只担忧如云的鬓发改变颜色，容颜不再。长夜独自吟诗不寐，必然感到冷月侵人。蓬莱山离这儿不算太远，却无路可通，烦请青鸟一样的使者，殷勤地为我去探看。",
        "emotion": "痛苦、失望、缠绵、执着"
    },
    {
        "title": "无题·重帏深下莫愁堂",
        "content": "重帏深下莫愁堂，卧后清宵细细长。神女生涯原是梦，小姑居处本无郎。风波不信菱枝弱，月露谁教桂叶香。直道相思了无益，未妨惆怅是清狂。",
        "keywords": {
            "神女": "即宋玉《神女赋》中的巫山神女。",
            "小姑一句": "古乐府《青溪小姑曲》：\"小姑所居，独处无郎。\"",
            "直道两句": "意谓即使相思全无好处，但这种惆怅之心，也好算是痴情了。",
            "直道": "即使，就说。",
            "了": "完全。",
            "清狂": "旧注谓不狂之狂，犹今所谓痴情。"
        },
        "trans": "在幽静的厅堂中，帷幕低垂；我独自躺在床上，思绪万千，夜晚显得格外漫长。巫山神女的爱情故事不过是梦一场，而青溪的小姑本就孤独无郎。风波不信菱枝柔弱，月露又是谁教桂叶飘香。即使相思没有任何益处，但这种惆怅的心情，也算是痴情了。",
        "emotion": "惆怅、孤独、无奈、痴情"
    },
    {
        "title": "无题二首·其一",
        "content": "昨夜星辰昨夜风，画楼西畔桂堂东。身无彩凤双飞翼，心有灵犀一点通。隔座送钩春酒暖，分曹射覆蜡灯红。嗟余听鼓应官去，走马兰台类转蓬。",
        "keywords": {
            "画楼": "比喻富贵人家的屋舍。",
            "桂堂": "比喻富贵人家的屋舍。",
            "灵犀": "旧说犀牛有神异，角中有白纹如线，直通两头。",
            "送钩": "古代腊日的一种游戏，分二曹以较胜负。",
            "分曹": "分组。",
            "射覆": "在覆器下放着东西令人猜。",
            "鼓": "指更鼓。",
            "应官": "犹上班。",
            "兰台": "即秘书省，掌管图书秘籍。"
        },
        "trans": "昨夜星光灿烂，夜半却有习习凉风；我们酒筵设在画楼西畔、桂堂之东。身上虽没有彩凤的双翼，不能比翼齐飞；但你我内心却像灵犀一样，感情息息相通。互相猜钩嬉戏，隔座对饮春酒暖心；分组来行酒令，决一胜负烛光泛红。可叹呵，听到五更鼓应该上朝点卯；策马赶到兰台，像随风飘转的蓬蒿。",
        "emotion": "怅惘与思念"
    },
    {
        "title": "春雨",
        "content": "怅卧新春白袷衣，白门寥落意多违。红楼隔雨相望冷，珠箔飘灯独自归。远路应悲春晼晚，残宵犹得梦依稀。玉珰缄札何由达，万里云罗一雁飞。",
        "keywords": {
            "白袷衣": "即白夹衣，唐人以白衫为闲居便服。",
            "白门": "金陵的别称，即现南京。",
            "红楼": "华美的楼房，多指女子的住处。",
            "珠箔": "珠帘，此处比喻春雨细密。",
            "晼晚": "夕阳西下的光景，此处还蕴涵年复一年、人老珠黄之意。",
            "依稀": "形容梦境的忧伤迷离。",
            "玉珰": "是用玉做的耳坠，古代常用环佩、玉珰一类的饰物作为男女定情的信物。",
            "缄札": "指书信。",
            "云罗": "像螺纹般的云片，阴云密布如罗网，比喻路途艰难。"
        },
        "trans": "新春时节，我身披白衫怅然地卧在床上；幽会的白门冷落了，令我万分感伤。隔着蒙蒙细雨凝视红楼更觉凄凉，只好顶着珠帘般的细雨，在依稀闪烁的灯光中黯然归来。凄楚的暮春，遥远的路途，哪里可以寄托我的悲凄伤感？只有在残宵梦中才能与你相见。耳环情书已备好，怎么才能送达？只有寄希望于万里长空中，那一只刚刚飞来的鸿雁。",
        "emotion": "思念、孤独、哀伤、迷茫"
    },
    {
        "title": "望月有感",
        "content": "自河南经乱，关内阻饥，兄弟离散，各在一处。因望月有感，聊书所怀，寄上浮梁大兄、於潜七兄、乌江十五兄，兼示符离及下邽弟妹。时难年荒世业空，弟兄羁旅各西东。田园寥落干戈后，骨肉流离道路中。吊影分为千里雁，辞根散作九秋蓬。共看明月应垂泪，一夜乡心五处同。",
        "keywords": {
            "河南": "唐时河南道，辖今河南省大部和山东、江苏、安徽三省的部分地区。",
            "关内": "关内道，辖今陕西大部及甘肃、宁夏、内蒙的部分地区。",
            "阻饥": "遭受饥荒等困难。",
            "浮梁大兄": "白居易的长兄白幼文，贞元十四、五年间任饶州浮梁主簿。",
            "於潜七兄": "白居易叔父白季康的长子，时为於潜县尉。",
            "乌江十五兄": "白居易的从兄白逸，时任乌江主簿。",
            "符离": "在今安徽宿县内。白居易的父亲在彭城作官多年，便把家安置在符离。",
            "下邽": "县名，治所在今陕西省渭南县。白氏祖居曾在此。",
            "时难年荒": "指遭受战乱和灾荒。",
            "世业": "祖传的产业。",
            "羁旅": "漂泊流浪。",
            "寥落": "荒芜零落。",
            "干戈": "古代两种兵器，此代指战争。",
            "吊影": "一个人孤身独处，形影相伴，没有伴侣。",
            "千里雁": "比喻兄弟们相隔千里，皆如孤雁离群。",
            "辞根": "草木离开根部，比喻兄弟们各自背井离乡。",
            "九秋蓬": "深秋时节随风飘转的蓬草，古人用来比喻游子在异乡漂泊。",
            "乡心": "思亲恋乡之心。",
            "五处": "即诗题所言五处。"
        },
        "trans": "自从河南地区经历战乱，关内一带漕运受阻致使饥荒四起，我们兄弟也因此流离失散，各自在一处。因为看到月亮而有所感触，便随性写成诗一首来记录感想，寄给在浮梁的大哥、在於潜的七哥，在乌江的十五哥和在符离、下邽的弟弟妹妹们看。战乱灾荒祖先产业荡然空，弟兄漂泊寄居他乡各西东。战乱过后田园荒芜寥落，逃亡途中骨肉同胞流落离散。顾影自怜好像离群的旅雁，行踪不定酷似无根的秋蓬。同看明月，分散的亲人都会伤心落泪，一夜思乡心情五地相同。",
        "emotion": "思念、伤感、孤独"
    },
    {
        "title": "登金陵凤凰台",
        "content": "凤凰台上凤凰游，凤去台空江自流。吴宫花草埋幽径，晋代衣冠成古丘。三山半落青天外，二水中分白鹭洲。总为浮云能蔽日，长安不见使人愁。",
        "keywords": {
            "凤凰台": "在金陵凤凰山上。",
            "江": "长江。",
            "吴宫": "三国时孙吴曾于金陵建都筑宫。",
            "晋代": "指东晋，南渡后也建都于金陵。",
            "衣冠": "指的是东晋文学家郭璞的衣冠冢。现今仍在南京玄武湖公园内。",
            "成古丘": "晋明帝当年为郭璞修建的衣冠冢豪华一时，然而到了唐朝诗人来看的时候，已经成为一个丘壑了。现今这里被称为郭璞墩，位于南京玄武湖公园内。",
            "三山": "山名。今三山街为其旧址，明初朱元璋筑城时，将城南的三座无名小山也围在了城中。",
            "半落青天外": "形容极远，看不大清楚。",
            "二水": "指秦淮河流经南京后，西入长江，被横截其间的白鹭洲分为二支。",
            "白鹭洲": "古代长江中的沙洲，洲上多集白鹭，故名。今已与陆地相连，位于今南京市秦淮区武定门北侧。",
            "浮云蔽日": "比喻谗臣当道障蔽贤良。",
            "长安": "这里用京城指代朝廷和皇帝。"
        },
        "trans": "凤凰台上曾经有凤凰来悠游，凤去台空只有江水依旧奔流。吴国宫殿的鲜花芳草遮没荒凉小径，晋代多少王族已成荒冢古丘。三山云雾中隐现如落青天外，江水被白鹭洲分成两条河流。那些悠悠浮云总是遮蔽太阳的光辉，登高不见长安城，怎么不让人内心沉痛忧郁。",
        "emotion": "怀古伤今，感慨历史的变迁与个人的孤独"
    },
    {
        "title": "积雨辋川庄作",
        "content": "积雨空林烟火迟，蒸藜炊黍饷东菑。漠漠水田飞白鹭，阴阴夏木啭黄鹂。山中习静观朝槿，松下清斋折露葵。野老与人争席罢，海鸥何事更相疑。",
        "keywords": {
            "积雨": "久雨。",
            "辋川庄": "即王维在辋川的宅第，在今陕西蓝田终南山中，是王维隐居之地。",
            "空林": "疏林。",
            "烟火迟": "因久雨林野润湿，故烟火缓升。",
            "藜": "一年生草本植物，嫩叶可食。",
            "黍": "谷物名，古时为主食。",
            "饷东菑": "给在东边田里干活的人送饭。",
            "漠漠": "形容广阔无际。",
            "阴阴": "幽暗的样子。",
            "夏木": "高大的树木，犹乔木。",
            "啭": "小鸟婉转的鸣叫。",
            "黄鹂": "黄莺。",
            "山中句": "意谓深居山中，望着槿花的开落以修养宁静之性。",
            "习静": "谓习养静寂的心性。",
            "槿": "植物名。落叶灌木，其花朝开夕谢。",
            "清斋": "谓素食，长斋。",
            "露葵": "经霜的葵菜。",
            "野老": "村野老人。",
            "争席罢": "指自己要隐退山林，与世无争。",
            "海鸥句": "典出《列子·黄帝篇》：海上有人与鸥鸟相亲近，互不猜疑。"
        },
        "trans": "连日雨后，树木稀疏的村落里炊烟冉冉升起。烧好的粗茶淡饭是送给村东耕耘的人。广阔平坦的水田上一行白鹭掠空而飞；田野边繁茂的树林中传来黄鹂宛转的啼声。我在山中修身养性，观赏朝槿晨开晚谢；在松下吃着素食，和露折葵不沾荤腥。我已经是一个从追名逐利的官场中退出来的人，而鸥鸟为什么还要猜疑我呢？",
        "emotion": "宁静、淡泊、闲适、自然、孤独"
    },
    {
        "title": "筹笔驿",
        "content": "猿鸟犹疑畏简书，风云常为护储胥。徒令上将挥神笔，终见降王走传车。管乐有才原不忝，关张无命欲何如？他年锦里经祠庙，梁父吟成恨有余。",
        "keywords": {
            "筹笔驿": "旧址在今四川省广元县北。",
            "猿鸟句": "诸葛亮治军以严明称，意谓至今连鱼鸟还在惊畏他的简书。",
            "储胥": "指军用的篱栅。",
            "上将": "犹主帅，指诸葛亮。",
            "降王": "指后主刘禅。",
            "走传车": "指后主刘禅出降时经过筹笔驿，坐传车。",
            "管": "管仲，春秋时齐相，曾佐齐桓公成就霸业。",
            "乐": "乐毅，战国时人，燕国名将，曾大败强齐。",
            "原不忝": "真不愧。",
            "他年": "作往年解。",
            "锦里": "在成都城南，有武侯祠。",
            "梁父吟": "两句意谓，往年曾谒锦里的武侯祠，想起他隐居时吟咏《梁父吟》的抱负。"
        },
        "trans": "至今连鱼鸟还在惊畏丞相的严明军令，风云常常护着他军垒的藩篱栏栅。诸葛亮徒然在这里挥笔运筹谋划，后主刘禅最终却乘坐传车去投降。孔明真不愧有管仲和乐毅的才干，关公张飞已死他又怎能力挽狂澜？往年我经过锦城武侯祠时，曾经吟诵了梁父吟为他深表遗憾！",
        "emotion": "惋惜与遗憾"
    },
    {
        "title": "遣悲怀三首·其一",
        "content": "谢公最小偏怜女，自嫁黔娄百事乖。顾我无衣搜荩箧，泥他沽酒拔金钗。野蔬充膳甘长藿，落叶添薪仰古槐。今日俸钱过十万，与君营奠复营斋。",
        "keywords": {
            "谢公": "东晋宰相谢安",
            "黔娄": "战国时齐国的贫士",
            "百事乖": "什么事都不顺遂",
            "荩箧": "竹或草编的箱子",
            "泥": "软缠，央求",
            "藿": "豆叶，嫩时可食",
            "奠": "祭奠，设酒食而祭"
        },
        "trans": "你如同谢公最受偏爱的女儿，嫁给我这个贫士事事不顺利。你见我没有衣衫就在箱子找，你拔下金钗因我相求而买酒。你用野蔬充饥却说食物甘美，古槐落叶当柴也无怨无悔。如今我高官厚禄你却离人间，为祭奠你延请僧道超度亡灵。",
        "emotion": "怀念、惋惜、无奈、悲伤"
    },
    {
        "title": "遣悲怀三首·其三",
        "content": "闲坐悲君亦自悲，百年都是几多时。邓攸无子寻知命，潘岳悼亡犹费词。同穴窅冥何所望，他生缘会更难期。惟将终夜长开眼，报答平生未展眉。",
        "keywords": {
            "邓攸": "西晋人，字伯道，官河西太守。《晋书·邓攸传》载：永嘉末年战乱中，他舍子保侄，后终无子。",
            "潘岳": "西晋人，字安仁，妻死，作《悼亡诗》三首。",
            "窅冥": "深暗的样子"
        },
        "trans": "闲坐无事为你悲伤为我感叹，人生短暂百年时间又多长呢！邓攸没有后代是命运的安排，潘岳悼念亡妻只是徒然悲鸣。即使能合葬也无法倾诉衷情，来世结缘是多么虚幻的企望。唯有以彻夜不眠、辗转反侧的思念，报答你生前为我奔波劳累的苦心。",
        "emotion": "深沉悲哀、无奈、思念"
    },
    {
        "title": "遣悲怀三首·其二",
        "content": "昔日戏言身后意，今朝都到眼前来。(身后意 一作：身后事)衣裳已施行看尽，针线犹存未忍开。尚想旧情怜婢仆，也曾因梦送钱财。诚知此恨人人有，贫贱夫妻百事哀。",
        "keywords": {
            "戏言": "开玩笑的话",
            "身后意": "关于死后的设想",
            "行看尽": "眼看快要完了",
            "怜": "怜爱，痛惜",
            "诚知": "确实知道"
        },
        "trans": "往昔曾经戏言我们身后的安排，如今都按你所说的展现在眼前。你穿过的衣裳已经快施舍完了，你的针线盒我珍存着不忍打开。因怀念你我对婢仆也格外怜爱，也曾因梦见你并为你送去钱财。我诚知死别之恨世间人人都有，但咱们共苦夫妻死别更觉哀痛。",
        "emotion": "深切的哀思与怀念"
    },
    {
        "title": "酬郭给事",
        "content": "洞门高阁霭馀辉，桃李阴阴柳絮飞。禁里疏钟官舍晚，省中啼鸟吏人稀。晨摇玉佩趋金殿，夕奉天书拜琐闱。强欲从君无那老，将因卧病解朝衣。",
        "keywords": {
            "郭给事": "郭承嘏，字复卿。",
            "洞门": "指深宫中重重相对相通的门。",
            "霭余辉": "遮蔽住落日的光辉。",
            "阴阴": "枝叶茂密的样子。",
            "禁里": "禁中，即皇宫中。",
            "省": "指唐门下省。",
            "玉佩": "官员身上佩带的玉石饰物。",
            "趋": "小步而行。",
            "奉": "捧的本字。",
            "天书": "皇帝的诏书。",
            "拜琐闱": "指毕恭毕敬地离开宫门。",
            "强": "勉强。",
            "从君": "喻在朝做官。",
            "无那": "无奈。",
            "卧病": "生病卧床。",
            "解朝衣": "喻不再做官。"
        },
        "trans": "高高的宫门和楼阁沐浴在夕阳的余晖中，桃李枝叶茂密，柳絮随风飞舞。皇宫里钟声稀疏，官舍中办公的官吏已经很少，门下省里只听见鸟鸣。早晨步入金殿时玉佩摇晃，夜晚捧着皇帝的诏书拜别宫门。想勉强跟着您一同进退，无奈我已衰老，会因病卧床而解下我这身官袍。",
        "emotion": "感慨衰老与隐退的无奈，颂扬友人的成就与清白。"
    }
]