[
    {
        "title": "听蜀僧濬弹琴",
        "content": "蜀僧抱绿绮，西下峨眉峰。为我一挥手，如听万壑松。 客心洗流水，馀响入霜钟。不觉碧山暮，秋云暗几重。",
        "keywords": {
            "蜀僧濬": "蜀地僧人濬",
            "绿绮": "琴名",
            "峨眉": "山名，在四川省峨眉县",
            "挥手": "指弹琴",
            "万壑松": "万壑松声，比喻琴声",
            "客": "诗人自称",
            "流水": "双关，既指琴声又指伯牙典故",
            "余响": "琴的余音",
            "霜钟": "钟声",
            "秋云": "秋天的云彩",
            "暗几重": "更加昏暗"
        },
        "trans": "蜀僧濬怀抱着绿绮琴，他来自西面的峨眉山。为我挥手弹奏名曲《风入松》，仿佛听到万壑松涛声。我的心灵像被流水洗涤，馀音缭绕和着秋天霜钟。不知不觉，暮色已笼罩青山，秋云黯淡，布满黄昏天空。",
        "emotion": "对故乡的眷恋与对知音的感慨"
    },
    {
        "title": "喜外弟卢纶见宿",
        "content": "静夜四无邻，荒居旧业贫。雨中黄叶树，灯下白头人。以我独沉久，愧君相见频。平生自有分，况是蔡家亲。",
        "keywords": {
            "卢纶": "作者表弟，与作者同属‘大历十才子’",
            "见宿": "留下住宿",
            "自有分": "情谊",
            "蔡家亲": "晋羊祜为蔡邕外孙，借指两家是表亲"
        },
        "trans": "静静的深夜四周没有相邻，居住在荒野因为家中清贫。树上黄叶在雨中纷纷飘零，犹如灯下白发老人的命运。自惭这样长久地孤独沉沦，辜负你频繁地来把我慰问。我们是诗友生来就有缘分，更何况你我两家还是表亲。",
        "emotion": "孤独、惆怅、感激、惭愧、亲情"
    },
    {
        "title": "夜泊牛渚怀古",
        "content": "牛渚西江夜，青天无片云。登舟望秋月，空忆谢将军。余亦能高咏，斯人不可闻。明朝挂帆席，枫叶落纷纷。",
        "keywords": {
            "牛渚": "山名，在今安徽当涂县西北",
            "西江": "从南京以西到江西境内的一段长江",
            "谢将军": "东晋谢尚，镇守牛渚时",
            "高咏": "谢尚赏月时，曾闻袁宏在船中高咏",
            "斯人": "指谢尚",
            "挂帆席": "扬帆"
        },
        "trans": "秋夜行舟停泊在西江牛渚山，蔚蓝的天空中没有一丝游云。我登上小船仰望明朗的秋月，徒然地怀想起东晋谢尚将军。我也能够朗吟袁宏的咏史诗，可惜没有那识贤的将军倾听。明早我将挂起船帆离开牛渚，这里只有满天枫叶飘落纷纷。",
        "emotion": "伤感与怀古"
    },
    {
        "title": "寄左省杜拾遗",
        "content": "联步趋丹陛，分曹限紫微。晓随天仗入，暮惹御香归。白发悲花落，青云羡鸟飞。圣朝无阙事，自觉谏书稀。",
        "keywords": {
            "左省": "门下省",
            "杜拾遗": "杜甫，曾任左拾遗",
            "联步": "同行",
            "丹陛": "皇宫的红色台阶",
            "曹": "官署",
            "紫微": "皇帝居处，朝会时所居宣政殿",
            "天仗": "仙仗，皇家仪仗",
            "惹": "沾染",
            "御香": "朝会时殿中设炉燃香",
            "鸟飞": "诗人建功立业的志向",
            "阙事": "错失",
            "自": "当然",
            "谏书": "劝谏的奏章"
        },
        "trans": "上朝时齐步同登红色台阶，分署办公又和你相隔紫微。早晨跟着天子的仪仗入朝，晚上身染御炉的香气回归。满头增白发悲叹春花凋落，遥望青云万里羡慕鸟高飞。圣明的朝代大概没有错事，规谏皇帝的奏章日见稀微。",
        "emotion": "惆怅与无奈"
    },
    {
        "title": "山居秋暝",
        "content": "空山新雨后，天气晚来秋。明月松间照，清泉石上流。竹喧归浣女，莲动下渔舟。随意春芳歇，王孙自可留。",
        "keywords": {
            "辋川": "水名，在今陕西省蓝田县南终南山下",
            "裴迪": "诗人，王维的好友",
            "转苍翠": "转为，变为苍绿色",
            "潺湲": "水流声",
            "听暮蝉": "聆听秋后的蝉儿的鸣叫",
            "暮蝉": "秋后的蝉的叫声",
            "渡头": "渡口",
            "余": "又作馀",
            "墟里": "村落",
            "孤烟": "直升的炊烟",
            "值": "遇到",
            "接舆": "陆通先生的字",
            "五柳": "陶渊明"
        },
        "trans": "新雨过后山谷里空旷清新，初秋傍晚的天气特别凉爽。明月映照着幽静的松林间，清澈泉水在山石上淙淙淌流。竹林里传来喧闹声，知是少女洗衣归来，莲叶轻摇知是上游荡下轻舟。任凭春天的花草消失，眼前的秋景足以让我流连久居。",
        "emotion": "满足、恬静、悠然自得"
    },
    {
        "title": "归嵩山作",
        "content": "清川带长薄，车马去闲闲。流水如有意，暮禽相与还。荒城临古渡，落日满秋山。迢递嵩高下，归来且闭关。",
        "keywords": {
            "嵩山": "五岳之一，称中岳，地处河南省登封市西北面",
            "清川": "清清的流水，当指伊水及其支流",
            "去": "行走",
            "闲闲": "从容自得的样子",
            "暮禽": "傍晚的鸟儿",
            "相与": "相互作伴",
            "荒城": "废县",
            "临": "当着",
            "古渡": "古时的渡口遗址",
            "迢递": "遥远的样子",
            "嵩高": "嵩山别称嵩高山",
            "且": "将要",
            "闭关": "佛家闭门静修"
        },
        "trans": "清澈的流水环绕一片草木丛生的沼泽地，驾着车马徐徐而去从容悠闲。流水有意与我同去永不回返，暮鸟有心跟我一起倦飞知还。荒凉的城池紧挨着古老的渡口，落日的余晖洒满经秋的重山。远远地来到嵩山脚下安家落户，紧闭房门不再与人来往。",
        "emotion": "恬静淡泊，悠然自得，归隐的宁静与对自然的热爱"
    },
    {
        "title": "次北固山下",
        "content": "客路青山外，行舟绿水前。潮平两岸阔，风正一帆悬。海日生残夜，江春入旧年。乡书何处达，归雁洛阳边。",
        "keywords": {
            "次": "旅途中暂时停宿",
            "北固山": "在今江苏镇江北，三面临长江",
            "客路": "旅途",
            "青山": "指北固山",
            "潮平两岸阔": "潮水涨满，两岸与江水齐平，整个江面十分开阔",
            "风正": "顺风",
            "悬": "挂",
            "海日": "海上的旭日",
            "残夜": "夜将尽之时",
            "江春": "江上的春天",
            "乡书": "家信",
            "归雁": "北归的大雁"
        },
        "trans": "郁郁葱葱的山外是旅客的道路，船航行在绿水之间。潮水涨满，两岸与江水齐平，整个江面十分开阔，帆顺着风端直高挂。夜幕还没有褪尽，旭日已在江上冉冉升起，江上春早，旧年未过新春已来。我的家书应该送到什么地方呢？北去的归雁啊，请给我捎回洛阳那边！",
        "emotion": "思乡之情，旅途的孤独与渴望"
    },
    {
        "title": "汉江临泛",
        "content": "楚塞三湘接，荆门九派通。江流天地外，山色有无中。郡邑浮前浦，波澜动远空。襄阳好风日，留醉与山翁。",
        "keywords": {
            "汉江": "即汉水，流经陕西汉中、安康，湖北十堰、襄阳、荆门、潜江、仙桃、孝感，到汉口流入长江",
            "楚塞": "楚国边境地带，这里指汉水流域",
            "三湘": "湖南有湘潭、湘阴、湘乡，合称三湘",
            "荆门": "山名，荆门山，在今湖北宜都县西北的长江南岸",
            "九派": "九条支流，长江至浔阳分为九支，指江西九江",
            "郡邑": "指汉水两岸的城镇",
            "浦": "水边",
            "好风日": "一作‘风日好’，风景天气好",
            "山翁": "一作‘山公’，指山简，晋代竹林七贤之一山涛的幼子，西晋将领，镇守襄阳"
        },
        "trans": "汉江流经楚塞又折入三湘，西起荆门往东与九江相通。江水滔滔远去，好像一直涌流到天地之外，两岸山色时隐时现，若有若无。远处的城郭好像在水面上飘动，波翻浪涌，辽远的天空也仿佛为之摇荡。襄阳的风景天气好，我愿在此地酣饮陪伴山翁。",
        "emotion": "追求美好境界，寄情山水，豪情壮志，陶醉于自然之美"
    },
    {
        "title": "渡荆门送别",
        "content": "渡远荆门外，来从楚国游。山随平野尽，江入大荒流。月下飞天镜，云生结海楼。仍怜故乡水，万里送行舟。",
        "keywords": {
            "荆门": "山名",
            "远": "远自",
            "楚国": "楚地",
            "平野": "平坦广阔的原野",
            "江": "长江",
            "大荒": "广阔无际的田野",
            "海楼": "海市蜃楼",
            "仍": "依然",
            "怜": "爱",
            "故乡水": "从四川流来的长江水",
            "万里": "喻行程之远"
        },
        "trans": "我乘舟渡江来到遥远的荆门外，来到战国时期楚国的境内游览。高山随着平坦广阔的原野的出现而逐渐消失，江水在广阔无际的田野中奔流。月亮在水中的倒影好像天上飞下来的一面天镜，云彩升起，变幻无穷，结成了海市蜃楼。我依然喜爱这来自故乡之水，不远万里来送我东行的小舟。",
        "emotion": "思乡与离别的情感交织，表现出对故乡的深切眷恋和对未来旅途的期待。"
    },
    {
        "title": "终南别业",
        "content": "中岁颇好道，晚家南山陲。兴来每独往，胜事空自知。行到水穷处，坐看云起时。偶然值林叟，谈笑无还期。",
        "keywords": {
            "中岁": "中年",
            "好": "喜好",
            "道": "这里指佛教",
            "家": "安家",
            "南山": "即终南山",
            "陲": "边缘，旁边，边境",
            "南山陲": "指辋川别墅所在地，意思是终南山脚下",
            "胜事": "美好的事",
            "值": "遇到",
            "叟": "老翁",
            "无还期": "没有回还的准确时间"
        },
        "trans": "中年以后存有较浓的好道之心，直到晚年才安家于终南山边陲。兴趣浓时常常独来独往去游玩，有快乐的事自我欣赏自我陶醉。间或走到水的尽头去寻求源流，间或坐看上升的云雾千变万化。偶然在林间遇见个把乡村父老，偶与他谈笑聊天每每忘了还家。",
        "emotion": "淡泊宁静，自得其乐，闲适自在"
    },
    {
        "title": "终南山",
        "content": "太乙近天都，连山接海隅。(接 一作：到)白云回望合，青霭入看无。分野中峰变，阴晴众壑殊。欲投人处宿，隔水问樵夫。",
        "keywords": {
            "终南山": "在长安南五十里，秦岭主峰之一",
            "太乙": "又名太一，秦岭之一峰",
            "天都": "天帝所居",
            "青霭": "山中的岚气",
            "海隅": "海边",
            "分野": "古天文学名词，古人以天上的二十八个星宿的位置来区分中国境内的地域",
            "壑": "山谷",
            "人处": "有人烟处"
        },
        "trans": "巍巍的终南山高入云霄，与天帝的住所临近。绵亘不绝的山峦，延伸到遥远的大海之滨。回望山下白云滚滚连成一片，青霭迷茫进入山中都不见。终南山连绵延伸，占地极广，中峰两侧的分野都变了，众山谷的天气也阴晴变化，各自不同。想在山中找个人家去投宿，隔水询问那樵夫可否方便？",
        "emotion": "悠远、宁静、渴望归宿"
    },
    {
        "title": "贼平后送人北归",
        "content": "世乱同南去，时清独北还。他乡生白发，旧国见青山。晓月过残垒，繁星宿故关。寒禽与衰草，处处伴愁颜。",
        "keywords": {
            "贼平": "指平定‘安史之乱’",
            "时清": "指时局已安定",
            "旧国": "指故乡",
            "残垒": "战争留下的军事壁垒"
        },
        "trans": "战乱时我和你一同逃到南方，时局安定你却独自北归家园。流落他乡头上已经生出白发，战后的家乡也只能见到青山。晓行要经过许多残破的营垒，夜里只能披星露宿荒凉故关。旷野里的飞禽与枯黄的野草，将处处伴随着你的悲苦愁颜。",
        "emotion": "忧伤与思乡"
    },
    {
        "title": "赋得古原草送别",
        "content": "离离原上草，一岁一枯荣。野火烧不尽，春风吹又生。远芳侵古道，晴翠接荒城。又送王孙去，萋萋满别情。",
        "keywords": {
            "离离": "青草茂盛的样子",
            "枯": "枯萎",
            "荣": "茂盛",
            "野火": "无法烧尽的火",
            "春风": "春天的风",
            "芳": "芬芳",
            "别情": "离别的情感"
        },
        "trans": "原野上长满茂盛的青草，年年岁岁枯萎了又再度繁荣。野火无法烧尽满地的野草，春风一吹，它又会再一次生长出来。远处芬芳的野草遮没了古道，阳光照耀下，明丽翠绿的草原连接着荒城。今天我又来送别老朋友，连繁茂的草儿也满怀离别之情。",
        "emotion": "依依惜别，感伤离愁"
    },
    {
        "title": "赠孟浩然",
        "content": "吾爱孟夫子，风流天下闻。红颜弃轩冕，白首卧松云。 醉月频中圣，迷花不事君。高山安可仰，徒此揖清芬。",
        "keywords": {
            "孟夫子": "指孟浩然",
            "风流": "有文采，善词章，风度潇洒",
            "红颜句": "从青年时代起就对轩冕荣华不感兴趣",
            "白首": "白头，指老年",
            "中圣": "指酒醉",
            "迷花": "陶醉于自然美景",
            "事君": "侍奉皇帝",
            "高山": "孟品格高尚，令人敬仰"
        },
        "trans": "我敬重孟先生的庄重潇洒，他为人高尚风流倜傥闻名天下。少年时屏弃当官不走仕途，一生闲云野鹤年老时仍在山间云中逍遥自在。明月夜常常把酒临风，饮清酒而醉，他不事君王沉醉于自然美景。高山似的品格怎么能仰望着他？只有在此向您清高的人品致敬了！",
        "emotion": "深切敬慕，友谊，崇高敬仰"
    },
    {
        "title": "辋川闲居赠裴秀才迪",
        "content": "寒山转苍翠，秋水日潺湲。倚杖柴门外，临风听暮蝉。渡头馀落日，墟里上孤烟。复值接舆醉，狂歌五柳前。",
        "keywords": {
            "辋川": "水名，在今陕西省蓝田县南终南山下",
            "裴迪": "诗人，王维的好友",
            "转苍翠": "转为，变为苍绿色",
            "潺湲": "水流声",
            "听暮蝉": "聆听秋后的蝉儿的鸣叫",
            "暮蝉": "秋后的蝉的叫声",
            "渡头": "渡口",
            "余": "又作馀",
            "墟里": "村落",
            "孤烟": "直升的炊烟",
            "值": "遇到",
            "接舆": "陆通先生的字",
            "五柳": "陶渊明"
        },
        "trans": "黄昏时寒冷的山野变得更加苍翠，秋水日夜缓缓流淌。我拄着拐杖伫立在茅舍的门外，迎风细听着那暮蝉的吟唱。渡口一片寂静，只剩斜照的落日，村子里升起缕缕炊烟。又碰到狂放的裴迪喝醉了酒，在我面前唱歌。",
        "emotion": "悠然自得，友谊深厚，超然物外，宁静致远"
    },
    {
        "title": "过香积寺",
        "content": "不知香积寺，数里入云峰。古木无人径，深山何处钟。泉声咽危石，日色冷青松。薄暮空潭曲，安禅制毒龙。",
        "keywords": {
            "过": "过访，探望",
            "香积寺": "唐代著名寺院",
            "入云峰": "登上入云的高峰",
            "钟": "寺庙的钟鸣声",
            "咽": "呜咽",
            "危": "高的，陡的",
            "冷青松": "为青松所冷",
            "薄暮": "黄昏",
            "曲": "水边",
            "安禅": "为佛家术语，指身心安然进入清寂宁静的境界",
            "毒龙": "佛家比喻俗人的邪念妄想"
        },
        "trans": "不知香积寺在哪座山中，走了数里，就进入了白云缭绕的山峰。古木参天却没有人行路径，深山里何处传来古寺鸣钟？流泉被耸立的危石所阻而发出幽咽的声音，夕阳的余晖洒落在苍翠的松林上，更显清冷。日暮时分，独自在空寂的潭边，安禅入定以治伏尘俗的毒龙。",
        "emotion": "宁静、幽深、思考、超脱"
    },
    {
        "title": "送友人",
        "content": "青山横北郭，白水绕东城。此地一为别，孤蓬万里征。浮云游子意，落日故人情。挥手自兹去，萧萧班马鸣。",
        "keywords": {
            "郭": "古代在城外修筑的一种外墙",
            "白水": "清澈的水",
            "一": "助词",
            "别": "告别",
            "蓬": "古书上说的一种植物",
            "征": "远行",
            "浮云游子意": "飘动的云，离家远游的人",
            "自兹去": "从此离去",
            "萧萧": "马的呻吟嘶叫声",
            "班马": "离群的马"
        },
        "trans": "青翠的山峦横卧在城墙的北面，波光粼粼的流水围绕着城的东边。在此地我们相互道别，你就像孤蓬那样随风飘荡，到万里之外远行去了。游子心思恰似天上浮云，夕阳余晖可比难舍友情。频频挥手作别从此离去，马儿也为惜别声声嘶鸣。",
        "emotion": "依依惜别，离愁别绪"
    },
    {
        "title": "送杜少府之任蜀州",
        "content": "城阙辅三秦，风烟望五津。与君离别意，同是宦游人。海内存知己，天涯若比邻。无为在歧路，儿女共沾巾。",
        "keywords": {
            "少府": "官名",
            "蜀州": "今四川崇州",
            "城阙": "即城楼，指唐代京师长安城",
            "三秦": "指长安城附近的关中之地",
            "五津": "指岷江的五个渡口白华津、万里津、江首津、涉头津、江南津",
            "风烟望五津": "风烟迷茫之中，遥望蜀州",
            "君": "对人的尊称，相当于‘您’",
            "同": "一作‘俱’",
            "宦游": "出外做官",
            "海内": "四海之内，即全国各地",
            "天涯": "天边，比喻极远的地方",
            "比邻": "并邻，近邻",
            "无为": "无须、不必",
            "歧路": "岔路，古人送行常在大路分岔处告别",
            "沾巾": "泪沾手巾，形容落泪之多"
        },
        "trans": "三秦之地护卫着巍巍长安，透过那风云烟雾遥望着蜀川。和你离别心中怀着无限情意，因为我们同是在宦海中浮沉。四海之内有知心朋友，即使远在天边也如近在比邻。绝不要在岔路口上分手之时，像恋爱中的青年男女那样悲伤得泪湿衣巾。",
        "emotion": "离别的伤感与对友情的珍视"
    },
    {
        "title": "送梓州李使君",
        "content": "万壑树参天，千山响杜鹃。山中一夜雨，树杪百重泉。汉女输橦布，巴人讼芋田。文翁翻教授，不敢倚先贤。",
        "keywords": {
            "梓州": "隋唐州名，治所在今四川三台",
            "壑": "山谷",
            "杜鹃": "鸟名，一名杜宇，又名子规",
            "一夜雨": "一作‘一半雨’",
            "树杪": "树梢",
            "汉女": "汉水的妇女",
            "橦布": "橦木花织成的布，为梓州特产",
            "巴": "古国名，故都在今重庆",
            "芋田": "蜀中产芋，为主粮之一",
            "文翁": "汉景时为郡太守，政尚宽宏",
            "翻": "翻然改变，通‘反’",
            "先贤": "已经去世的有才德的人"
        },
        "trans": "千山万壑之中，到处都是参天大树，到处都是杜鹃的啼鸣声。山中一夜春雨过后，只见山间飞泉百道，远远望去，好似悬挂在树梢一般。汉水的妇女辛劳织布纳税，巴人地少常常诉讼争田。望你发扬文翁政绩，奋发有为不负先贤。",
        "emotion": "积极向上，勉励友人，充满希望与壮志"
    },
    {
        "title": "酬张少府",
        "content": "晚年唯好静，万事不关心。(唯 一作：惟)自顾无长策，空知返旧林。松风吹解带，山月照弹琴。君问穷通理，渔歌入浦深。",
        "keywords": {
            "酬": "以诗词酬答",
            "张少府": "唐人称县尉为少府",
            "晚年": "年老之时",
            "好": "爱好",
            "自顾": "自念；自视",
            "长策": "犹良计",
            "空知": "徒然知道",
            "旧林": "指禽鸟往日栖息之所",
            "吹解带": "吹着诗人宽解衣带时的闲散心情",
            "解带": "表示熟不拘礼，或表示闲适",
            "穷通": "困厄与显达",
            "理": "道理",
            "渔歌": "隐士的歌",
            "浦深": "河岸的深处"
        },
        "trans": "人到晚年就特别喜好安静，对人间万事都漠不关心。自思没有高策可以报效国家，只要求归隐家乡的山林。迎着松林清风解带敞怀，在山间明月的伴照下独坐弹琴，自由自在。世事如此，还问什么困厄与显达的道理，不如去听听水浦深处渔歌声音。",
        "emotion": "失落与苦闷"
    },
    {
        "title": "题大庾岭北驿",
        "content": "阳月南飞雁，传闻至此回。我行殊未已，何日复归来。江静潮初落，林昏瘴不开。明朝望乡处，应见陇头梅。",
        "keywords": {
            "大庾岭": "江西、广东交界处，五岭之一",
            "阳月": "阴历十月",
            "殊": "还",
            "瘴": "湿热气候下山林间的毒气",
            "望乡处": "远望故乡的地方",
            "陇头梅": "大庾岭地处南方，十月可见梅花"
        },
        "trans": "十月份的时候大雁就开始南飞，据说飞到大庾岭，它们就全部折回。我还未到达目的地，还要继续前行，真不知什么时候我才能再次归来？潮水退落了，江面静静地泛着涟漪，深山林中昏暗，瘴气浓重散不开。来日我登上高山顶，向北遥望故乡，应该能看到那山头上初放的红梅。",
        "emotion": "愁苦思乡"
    }
]